timestamp, index, utilization.gpu [%], utilization.memory [%], memory.used [MiB], power.draw [W]
2026/08/27 14:55:34.938, 0, 0 %, 0 %, 0 MiB, 34.57 W
2026/08/27 14:55:34.949, 1, 0 %, 0 %, 0 MiB, 33.85 W
2026/08/27 14:55:34.961, 2, 0 %, 0 %, 0 MiB, 34.90 W
2026/08/27 14:55:39.972, 0, 0 %, 0 %, 0 MiB, 34.57 W
2026/08/27 14:55:39.972, 1, 0 %, 0 %, 0 MiB, 33.95 W
2026/08/27 14:55:39.972, 2, 0 %, 0 %, 0 MiB, 34.90 W
2026/08/27 14:55:44.972, 0, 0 %, 0 %, 0 MiB, 34.46 W
2026/08/27 14:55:44.973, 1, 0 %, 0 %, 0 MiB, 33.93 W
2026/08/27 14:55:44.973, 2, 0 %, 0 %, 0 MiB, 34.88 W
2026/08/27 14:55:49.973, 0, 0 %, 0 %, 35264 MiB, 36.34 W
2026/08/27 14:55:49.973, 1, 0 %, 0 %, 35264 MiB, 35.92 W
2026/08/27 14:55:49.973, 2, 0 %, 0 %, 35264 MiB, 36.87 W
2026/08/27 14:55:54.974, 0, 1 %, 0 %, 35264 MiB, 55.87 W
2026/08/27 14:55:54.974, 1, 0 %, 0 %, 35264 MiB, 54.33 W
2026/08/27 14:55:54.975, 2, 0 %, 0 %, 35264 MiB, 56.64 W
2026/08/27 14:55:59.975, 0, 1 %, 0 %, 35272 MiB, 36.34 W
2026/08/27 14:55:59.975, 1, 0 %, 0 %, 35272 MiB, 36.10 W
2026/08/27 14:55:59.975, 2, 9 %, 0 %, 35272 MiB, 37.25 W
2026/08/27 14:56:04.976, 0, 1 %, 0 %, 35272 MiB, 36.24 W
2026/08/27 14:56:04.976, 1, 1 %, 0 %, 35272 MiB, 36.11 W
2026/08/27 14:56:04.977, 2, 1 %, 0 %, 35272 MiB, 37.07 W
2026/08/27 14:56:09.978, 0, 1 %, 0 %, 35272 MiB, 36.43 W
2026/08/27 14:56:09.978, 1, 2 %, 0 %, 35272 MiB, 36.01 W
2026/08/27 14:56:09.979, 2, 1 %, 0 %, 35272 MiB, 36.77 W
2026/08/27 14:56:14.979, 0, 0 %, 0 %, 35272 MiB, 36.34 W
2026/08/27 14:56:14.979, 1, 0 %, 0 %, 35272 MiB, 35.72 W
2026/08/27 14:56:14.979, 2, 0 %, 0 %, 35272 MiB, 36.57 W
2026/08/27 14:56:19.980, 0, 0 %, 0 %, 35272 MiB, 36.33 W
2026/08/27 14:56:19.980, 1, 0 %, 0 %, 35272 MiB, 35.90 W
2026/08/27 14:56:19.980, 2, 0 %, 0 %, 35272 MiB, 36.68 W
2026/08/27 14:56:24.981, 0, 1 %, 0 %, 35272 MiB, 36.45 W
2026/08/27 14:56:24.981, 1, 0 %, 0 %, 35272 MiB, 35.72 W
2026/08/27 14:56:24.981, 2, 0 %, 0 %, 35272 MiB, 36.70 W
2026/08/27 14:56:29.982, 0, 0 %, 0 %, 35272 MiB, 36.25 W
2026/08/27 14:56:29.982, 1, 0 %, 0 %, 35272 MiB, 35.92 W
2026/08/27 14:56:29.983, 2, 0 %, 0 %, 35272 MiB, 36.57 W
2026/08/27 14:56:34.983, 0, 0 %, 0 %, 35278 MiB, 36.05 W
2026/08/27 14:56:34.983, 1, 0 %, 0 %, 35278 MiB, 35.92 W
2026/08/27 14:56:34.984, 2, 0 %, 0 %, 35278 MiB, 36.57 W
2026/08/27 14:56:39.984, 0, 0 %, 0 %, 35278 MiB, 35.95 W
2026/08/27 14:56:39.985, 1, 0 %, 0 %, 35278 MiB, 35.92 W
2026/08/27 14:56:39.985, 2, 0 %, 0 %, 35278 MiB, 36.46 W
2026/08/27 14:56:44.985, 0, 0 %, 0 %, 35278 MiB, 36.44 W
2026/08/27 14:56:44.985, 1, 0 %, 0 %, 35278 MiB, 36.01 W
2026/08/27 14:56:44.985, 2, 0 %, 0 %, 35278 MiB, 36.89 W
2026/08/27 14:56:49.985, 0, 100 %, 23 %, 35284 MiB, 87.93 W
2026/08/27 14:56:49.986, 1, 100 %, 22 %, 35278 MiB, 83.10 W
2026/08/27 14:56:49.986, 2, 100 %, 17 %, 35278 MiB, 102.51 W
2026/08/27 14:56:54.991, 0, 100 %, 19 %, 35284 MiB, 86.93 W
2026/08/27 14:56:54.991, 1, 100 %, 21 %, 35278 MiB, 119.44 W
2026/08/27 14:56:54.991, 2, 100 %, 25 %, 35278 MiB, 169.52 W
2026/08/27 14:56:59.992, 0, 100 %, 25 %, 35284 MiB, 84.90 W
2026/08/27 14:56:59.993, 1, 100 %, 20 %, 35278 MiB, 167.32 W
2026/08/27 14:56:59.993, 2, 100 %, 24 %, 35278 MiB, 75.68 W
2026/08/27 14:57:04.994, 0, 100 %, 20 %, 35284 MiB, 91.11 W
2026/08/27 14:57:04.994, 1, 100 %, 21 %, 35278 MiB, 72.43 W
2026/08/27 14:57:04.994, 2, 100 %, 18 %, 35278 MiB, 83.97 W
2026/08/27 14:57:09.994, 0, 100 %, 21 %, 35284 MiB, 94.58 W
2026/08/27 14:57:09.994, 1, 100 %, 25 %, 35278 MiB, 142.83 W
2026/08/27 14:57:09.994, 2, 100 %, 18 %, 35278 MiB, 132.14 W
2026/08/27 14:57:14.995, 0, 0 %, 0 %, 35284 MiB, 37.53 W
2026/08/27 14:57:14.995, 1, 0 %, 0 %, 35278 MiB, 37.30 W
2026/08/27 14:57:14.995, 2, 0 %, 0 %, 35278 MiB, 37.77 W
2026/08/27 14:57:19.995, 0, 100 %, 17 %, 35284 MiB, 142.30 W
2026/08/27 14:57:19.996, 1, 100 %, 17 %, 35278 MiB, 113.26 W
2026/08/27 14:57:19.996, 2, 100 %, 17 %, 35278 MiB, 80.25 W
2026/08/27 14:57:24.996, 0, 100 %, 22 %, 35284 MiB, 155.69 W
2026/08/27 14:57:24.996, 1, 100 %, 21 %, 35278 MiB, 86.67 W
2026/08/27 14:57:24.996, 2, 100 %, 21 %, 35278 MiB, 89.11 W
2026/08/27 14:57:29.997, 0, 0 %, 0 %, 35284 MiB, 37.43 W
2026/08/27 14:57:29.997, 1, 0 %, 0 %, 35278 MiB, 37.20 W
2026/08/27 14:57:29.997, 2, 0 %, 0 %, 35278 MiB, 38.26 W
2026/08/27 14:57:34.998, 0, 6 %, 1 %, 35284 MiB, 37.33 W
2026/08/27 14:57:34.998, 1, 0 %, 0 %, 35278 MiB, 37.29 W
2026/08/27 14:57:34.998, 2, 0 %, 0 %, 35278 MiB, 37.95 W
2026/08/27 14:57:39.998, 0, 100 %, 25 %, 35284 MiB, 124.21 W
2026/08/27 14:57:39.999, 1, 100 %, 21 %, 35278 MiB, 135.63 W
2026/08/27 14:57:39.999, 2, 100 %, 23 %, 35278 MiB, 184.86 W
2026/08/27 14:57:45.000, 0, 100 %, 17 %, 35284 MiB, 110.40 W
2026/08/27 14:57:45.000, 1, 100 %, 20 %, 35278 MiB, 137.72 W
2026/08/27 14:57:45.000, 2, 100 %, 25 %, 35278 MiB, 151.60 W
2026/08/27 14:57:50.000, 0, 36 %, 0 %, 35286 MiB, 58.80 W
2026/08/27 14:57:50.000, 1, 0 %, 0 %, 35278 MiB, 57.17 W
2026/08/27 14:57:50.000, 2, 0 %, 0 %, 35278 MiB, 60.09 W
2026/08/27 14:57:55.001, 0, 0 %, 0 %, 35286 MiB, 37.51 W
2026/08/27 14:57:55.001, 1, 0 %, 0 %, 35278 MiB, 37.19 W
2026/08/27 14:57:55.001, 2, 0 %, 0 %, 35278 MiB, 38.15 W
2026/08/27 14:58:00.001, 0, 0 %, 0 %, 35286 MiB, 37.42 W
2026/08/27 14:58:00.001, 1, 0 %, 0 %, 35278 MiB, 37.00 W
2026/08/27 14:58:00.002, 2, 0 %, 0 %, 35278 MiB, 38.04 W
2026/08/27 14:58:05.002, 0, 100 %, 23 %, 35286 MiB, 200.14 W
2026/08/27 14:58:05.002, 1, 98 %, 17 %, 35278 MiB, 117.09 W
2026/08/27 14:58:05.002, 2, 100 %, 30 %, 35278 MiB, 203.96 W
2026/08/27 14:58:10.003, 0, 100 %, 25 %, 35286 MiB, 131.75 W
2026/08/27 14:58:10.004, 1, 100 %, 20 %, 35278 MiB, 79.89 W
2026/08/27 14:58:10.004, 2, 100 %, 20 %, 35278 MiB, 105.41 W
2026/08/27 14:58:15.004, 0, 19 %, 0 %, 35286 MiB, 64.80 W
2026/08/27 14:58:15.004, 1, 0 %, 0 %, 35278 MiB, 57.95 W
2026/08/27 14:58:15.004, 2, 0 %, 0 %, 35278 MiB, 59.99 W
2026/08/27 14:58:20.005, 0, 0 %, 0 %, 35290 MiB, 38.02 W
2026/08/27 14:58:20.005, 1, 0 %, 0 %, 35278 MiB, 37.30 W
2026/08/27 14:58:20.005, 2, 0 %, 0 %, 35278 MiB, 38.25 W
2026/08/27 14:58:25.005, 0, 0 %, 0 %, 35290 MiB, 37.51 W
2026/08/27 14:58:25.005, 1, 0 %, 0 %, 35278 MiB, 37.10 W
2026/08/27 14:58:25.005, 2, 0 %, 0 %, 35278 MiB, 37.95 W
2026/08/27 14:58:30.006, 0, 0 %, 0 %, 35290 MiB, 37.33 W
2026/08/27 14:58:30.006, 1, 0 %, 0 %, 35278 MiB, 36.81 W
2026/08/27 14:58:30.006, 2, 0 %, 0 %, 35278 MiB, 37.75 W
2026/08/27 14:58:35.007, 0, 0 %, 0 %, 35290 MiB, 37.24 W
2026/08/27 14:58:35.007, 1, 0 %, 0 %, 35278 MiB, 36.71 W
2026/08/27 14:58:35.007, 2, 0 %, 0 %, 35278 MiB, 38.05 W
2026/08/27 14:58:40.007, 0, 5 %, 0 %, 35292 MiB, 37.14 W
2026/08/27 14:58:40.007, 1, 0 %, 0 %, 35278 MiB, 36.91 W
2026/08/27 14:58:40.007, 2, 0 %, 0 %, 35278 MiB, 37.85 W
2026/08/27 14:58:45.008, 0, 100 %, 26 %, 35300 MiB, 177.59 W
2026/08/27 14:58:45.008, 1, 100 %, 24 %, 35278 MiB, 132.75 W
2026/08/27 14:58:45.008, 2, 100 %, 21 %, 35278 MiB, 97.26 W
2026/08/27 14:58:50.009, 0, 100 %, 29 %, 35300 MiB, 161.56 W
2026/08/27 14:58:50.009, 1, 100 %, 20 %, 35278 MiB, 170.26 W
2026/08/27 14:58:50.009, 2, 99 %, 21 %, 35278 MiB, 83.32 W
2026/08/27 14:58:55.010, 0, 100 %, 22 %, 35300 MiB, 79.79 W
2026/08/27 14:58:55.010, 1, 100 %, 18 %, 35278 MiB, 109.28 W
2026/08/27 14:58:55.010, 2, 100 %, 23 %, 35278 MiB, 182.71 W
2026/08/27 14:59:00.010, 0, 0 %, 0 %, 35302 MiB, 58.53 W
2026/08/27 14:59:00.010, 1, 0 %, 0 %, 35282 MiB, 37.19 W
2026/08/27 14:59:00.010, 2, 0 %, 0 %, 35278 MiB, 38.14 W
2026/08/27 14:59:05.011, 0, 3 %, 0 %, 35302 MiB, 37.53 W
2026/08/27 14:59:05.011, 1, 0 %, 0 %, 35282 MiB, 37.01 W
2026/08/27 14:59:05.011, 2, 0 %, 0 %, 35278 MiB, 37.95 W
2026/08/27 14:59:10.011, 0, 3 %, 0 %, 35302 MiB, 37.43 W
2026/08/27 14:59:10.012, 1, 0 %, 0 %, 35282 MiB, 37.10 W
2026/08/27 14:59:10.012, 2, 0 %, 0 %, 35278 MiB, 38.05 W
2026/08/27 14:59:15.012, 0, 0 %, 0 %, 35302 MiB, 37.33 W
2026/08/27 14:59:15.012, 1, 0 %, 0 %, 35282 MiB, 36.71 W
2026/08/27 14:59:15.012, 2, 0 %, 0 %, 35278 MiB, 37.96 W
2026/08/27 14:59:20.013, 0, 100 %, 14 %, 35302 MiB, 163.65 W
2026/08/27 14:59:20.013, 1, 100 %, 12 %, 35290 MiB, 96.24 W
2026/08/27 14:59:20.013, 2, 100 %, 16 %, 35278 MiB, 91.07 W
2026/08/27 14:59:25.014, 0, 100 %, 21 %, 35302 MiB, 175.44 W
2026/08/27 14:59:25.014, 1, 100 %, 30 %, 35290 MiB, 94.06 W
2026/08/27 14:59:25.014, 2, 100 %, 20 %, 35278 MiB, 104.11 W
2026/08/27 14:59:30.014, 0, 100 %, 21 %, 35302 MiB, 112.90 W
2026/08/27 14:59:30.014, 1, 100 %, 25 %, 35290 MiB, 89.66 W
2026/08/27 14:59:30.014, 2, 100 %, 26 %, 35278 MiB, 77.02 W
2026/08/27 14:59:35.015, 0, 100 %, 21 %, 35302 MiB, 92.89 W
2026/08/27 14:59:35.015, 1, 100 %, 24 %, 35290 MiB, 98.71 W
2026/08/27 14:59:35.015, 2, 100 %, 23 %, 35278 MiB, 78.09 W
2026/08/27 14:59:40.015, 0, 0 %, 0 %, 35302 MiB, 59.43 W
2026/08/27 14:59:40.016, 1, 0 %, 0 %, 35292 MiB, 37.19 W
2026/08/27 14:59:40.016, 2, 0 %, 0 %, 35280 MiB, 38.15 W
2026/08/27 14:59:45.016, 0, 4 %, 0 %, 35302 MiB, 37.92 W
2026/08/27 14:59:45.016, 1, 0 %, 0 %, 35292 MiB, 37.10 W
2026/08/27 14:59:45.016, 2, 0 %, 0 %, 35280 MiB, 37.95 W
2026/08/27 14:59:50.017, 0, 0 %, 0 %, 35302 MiB, 37.71 W
2026/08/27 14:59:50.017, 1, 0 %, 0 %, 35292 MiB, 36.88 W
2026/08/27 14:59:50.017, 2, 0 %, 0 %, 35280 MiB, 38.15 W
2026/08/27 14:59:55.017, 0, 0 %, 0 %, 35302 MiB, 38.19 W
2026/08/27 14:59:55.017, 1, 0 %, 0 %, 35292 MiB, 36.71 W
2026/08/27 14:59:55.017, 2, 0 %, 0 %, 35280 MiB, 37.95 W
2026/08/27 15:00:00.018, 0, 3 %, 0 %, 35302 MiB, 37.23 W
2026/08/27 15:00:00.018, 1, 0 %, 0 %, 35292 MiB, 37.00 W
2026/08/27 15:00:00.018, 2, 0 %, 0 %, 35280 MiB, 37.75 W
2026/08/27 15:00:05.019, 0, 100 %, 26 %, 35304 MiB, 125.70 W
2026/08/27 15:00:05.019, 1, 100 %, 30 %, 35296 MiB, 73.88 W
2026/08/27 15:00:05.019, 2, 100 %, 23 %, 35284 MiB, 78.76 W
2026/08/27 15:00:10.019, 0, 100 %, 25 %, 35304 MiB, 80.99 W
2026/08/27 15:00:10.020, 1, 100 %, 25 %, 35296 MiB, 141.83 W
2026/08/27 15:00:10.020, 2, 100 %, 23 %, 35284 MiB, 153.77 W
2026/08/27 15:00:15.020, 0, 100 %, 25 %, 35304 MiB, 173.02 W
2026/08/27 15:00:15.020, 1, 100 %, 27 %, 35296 MiB, 132.52 W
2026/08/27 15:00:15.020, 2, 100 %, 23 %, 35284 MiB, 203.06 W
2026/08/27 15:00:20.021, 0, 100 %, 0 %, 35306 MiB, 74.48 W
2026/08/27 15:00:20.021, 1, 75 %, 0 %, 35296 MiB, 70.80 W
2026/08/27 15:00:20.021, 2, 17 %, 0 %, 35284 MiB, 62.04 W
2026/08/27 15:00:25.021, 0, 2 %, 0 %, 35306 MiB, 39.10 W
2026/08/27 15:00:25.021, 1, 0 %, 0 %, 35296 MiB, 37.69 W
2026/08/27 15:00:25.022, 2, 0 %, 0 %, 35288 MiB, 38.55 W
2026/08/27 15:00:30.022, 0, 8 %, 0 %, 35306 MiB, 38.00 W
2026/08/27 15:00:30.022, 1, 0 %, 0 %, 35296 MiB, 37.19 W
2026/08/27 15:00:30.022, 2, 0 %, 0 %, 35288 MiB, 37.95 W
2026/08/27 15:00:35.023, 0, 2 %, 0 %, 35306 MiB, 38.09 W
2026/08/27 15:00:35.023, 1, 0 %, 0 %, 35296 MiB, 37.08 W
2026/08/27 15:00:35.023, 2, 0 %, 0 %, 35288 MiB, 37.85 W
2026/08/27 15:00:40.023, 0, 0 %, 0 %, 35306 MiB, 37.51 W
2026/08/27 15:00:40.023, 1, 0 %, 0 %, 35296 MiB, 36.89 W
2026/08/27 15:00:40.023, 2, 0 %, 0 %, 35288 MiB, 37.95 W
2026/08/27 15:00:45.024, 0, 0 %, 0 %, 35306 MiB, 37.43 W
2026/08/27 15:00:45.024, 1, 0 %, 0 %, 35296 MiB, 36.81 W
2026/08/27 15:00:45.024, 2, 0 %, 0 %, 35288 MiB, 37.85 W
2026/08/27 15:00:50.024, 0, 0 %, 0 %, 35306 MiB, 37.33 W
2026/08/27 15:00:50.024, 1, 0 %, 0 %, 35296 MiB, 36.91 W
2026/08/27 15:00:50.025, 2, 0 %, 0 %, 35288 MiB, 37.67 W
2026/08/27 15:00:55.025, 0, 0 %, 0 %, 35306 MiB, 37.14 W
2026/08/27 15:00:55.025, 1, 0 %, 0 %, 35296 MiB, 36.81 W
2026/08/27 15:00:55.025, 2, 0 %, 0 %, 35288 MiB, 37.56 W
2026/08/27 15:01:00.026, 0, 100 %, 24 %, 35308 MiB, 142.31 W
2026/08/27 15:01:00.026, 1, 100 %, 26 %, 35296 MiB, 106.18 W
2026/08/27 15:01:00.026, 2, 100 %, 23 %, 35296 MiB, 96.81 W
2026/08/27 15:01:05.027, 0, 100 %, 23 %, 35308 MiB, 162.44 W
2026/08/27 15:01:05.027, 1, 100 %, 21 %, 35296 MiB, 96.07 W
2026/08/27 15:01:05.027, 2, 100 %, 22 %, 35296 MiB, 119.12 W
2026/08/27 15:01:10.028, 0, 100 %, 24 %, 35308 MiB, 150.60 W
2026/08/27 15:01:10.029, 1, 100 %, 27 %, 35296 MiB, 134.78 W
2026/08/27 15:01:10.029, 2, 100 %, 22 %, 35296 MiB, 134.33 W
2026/08/27 15:01:15.029, 0, 100 %, 0 %, 35310 MiB, 73.71 W
2026/08/27 15:01:15.029, 1, 99 %, 0 %, 35296 MiB, 70.89 W
2026/08/27 15:01:15.029, 2, 97 %, 0 %, 35296 MiB, 74.17 W
2026/08/27 15:01:20.030, 0, 5 %, 0 %, 35310 MiB, 58.80 W
2026/08/27 15:01:20.030, 1, 14 %, 0 %, 35296 MiB, 57.83 W
2026/08/27 15:01:20.030, 2, 0 %, 0 %, 35296 MiB, 60.65 W
2026/08/27 15:01:25.030, 0, 4 %, 0 %, 35310 MiB, 37.81 W
2026/08/27 15:01:25.031, 1, 4 %, 0 %, 35296 MiB, 37.19 W
2026/08/27 15:01:25.031, 2, 0 %, 0 %, 35296 MiB, 38.25 W
2026/08/27 15:01:30.032, 0, 4 %, 0 %, 35310 MiB, 37.70 W
2026/08/27 15:01:30.032, 1, 4 %, 0 %, 35296 MiB, 37.08 W
2026/08/27 15:01:30.032, 2, 0 %, 0 %, 35296 MiB, 37.95 W
2026/08/27 15:01:35.033, 0, 2 %, 0 %, 35310 MiB, 43.63 W
2026/08/27 15:01:35.033, 1, 9 %, 4 %, 35296 MiB, 37.45 W
2026/08/27 15:01:35.033, 2, 0 %, 0 %, 35296 MiB, 37.83 W
2026/08/27 15:01:40.034, 0, 0 %, 0 %, 35310 MiB, 37.33 W
2026/08/27 15:01:40.034, 1, 8 %, 0 %, 35296 MiB, 54.53 W
2026/08/27 15:01:40.034, 2, 0 %, 0 %, 35296 MiB, 37.75 W
2026/08/27 15:01:45.035, 0, 0 %, 0 %, 35310 MiB, 37.24 W
2026/08/27 15:01:45.035, 1, 6 %, 0 %, 35296 MiB, 37.10 W
2026/08/27 15:01:45.035, 2, 0 %, 0 %, 35296 MiB, 37.56 W
2026/08/27 15:01:50.035, 0, 100 %, 18 %, 35310 MiB, 152.99 W
2026/08/27 15:01:50.036, 1, 100 %, 24 %, 35300 MiB, 156.32 W
2026/08/27 15:01:50.036, 2, 100 %, 26 %, 35296 MiB, 103.24 W
2026/08/27 15:01:55.036, 0, 100 %, 25 %, 35310 MiB, 119.74 W
2026/08/27 15:01:55.037, 1, 100 %, 19 %, 35300 MiB, 145.48 W
2026/08/27 15:01:55.037, 2, 100 %, 20 %, 35296 MiB, 129.53 W
2026/08/27 15:02:00.037, 0, 100 %, 25 %, 35310 MiB, 172.81 W
2026/08/27 15:02:00.037, 1, 100 %, 21 %, 35300 MiB, 126.75 W
2026/08/27 15:02:00.037, 2, 100 %, 29 %, 35296 MiB, 135.66 W
2026/08/27 15:02:05.038, 0, 100 %, 26 %, 35310 MiB, 126.39 W
2026/08/27 15:02:05.038, 1, 100 %, 18 %, 35300 MiB, 90.58 W
2026/08/27 15:02:05.038, 2, 100 %, 27 %, 35296 MiB, 84.75 W
2026/08/27 15:02:10.038, 0, 100 %, 0 %, 35310 MiB, 74.46 W
2026/08/27 15:02:10.038, 1, 100 %, 0 %, 35304 MiB, 70.77 W
2026/08/27 15:02:10.038, 2, 100 %, 0 %, 35296 MiB, 74.13 W
2026/08/27 15:02:15.039, 0, 0 %, 0 %, 35310 MiB, 37.89 W
2026/08/27 15:02:15.039, 1, 0 %, 0 %, 35304 MiB, 40.23 W
2026/08/27 15:02:15.039, 2, 0 %, 0 %, 35296 MiB, 39.22 W
2026/08/27 15:02:20.040, 0, 0 %, 0 %, 35310 MiB, 37.89 W
2026/08/27 15:02:20.040, 1, 0 %, 0 %, 35304 MiB, 37.08 W
2026/08/27 15:02:20.040, 2, 0 %, 0 %, 35296 MiB, 38.15 W
2026/08/27 15:02:25.041, 0, 8 %, 0 %, 35310 MiB, 37.41 W
2026/08/27 15:02:25.042, 1, 10 %, 0 %, 35304 MiB, 36.98 W
2026/08/27 15:02:25.042, 2, 6 %, 1 %, 35296 MiB, 38.04 W
2026/08/27 15:02:30.042, 0, 0 %, 0 %, 35310 MiB, 37.21 W
2026/08/27 15:02:30.042, 1, 0 %, 0 %, 35304 MiB, 40.04 W
2026/08/27 15:02:30.042, 2, 10 %, 4 %, 35296 MiB, 38.24 W
2026/08/27 15:02:35.042, 0, 0 %, 0 %, 35310 MiB, 37.12 W
2026/08/27 15:02:35.043, 1, 0 %, 0 %, 35304 MiB, 37.09 W
2026/08/27 15:02:35.043, 2, 9 %, 3 %, 35296 MiB, 39.23 W
2026/08/27 15:02:40.044, 0, 0 %, 0 %, 35310 MiB, 37.22 W
2026/08/27 15:02:40.044, 1, 2 %, 1 %, 35304 MiB, 37.08 W
2026/08/27 15:02:40.045, 2, 0 %, 0 %, 35298 MiB, 37.56 W
2026/08/27 15:02:45.045, 0, 0 %, 0 %, 35310 MiB, 37.33 W
2026/08/27 15:02:45.046, 1, 0 %, 0 %, 35304 MiB, 37.01 W
2026/08/27 15:02:45.046, 2, 0 %, 0 %, 35298 MiB, 37.46 W
2026/08/27 15:02:50.046, 0, 90 %, 16 %, 35310 MiB, 217.34 W
2026/08/27 15:02:50.047, 1, 81 %, 16 %, 35304 MiB, 82.78 W
2026/08/27 15:02:50.047, 2, 100 %, 16 %, 35304 MiB, 198.55 W
2026/08/27 15:02:55.047, 0, 100 %, 27 %, 35310 MiB, 181.82 W
2026/08/27 15:02:55.048, 1, 100 %, 26 %, 35304 MiB, 90.57 W
2026/08/27 15:02:55.048, 2, 100 %, 21 %, 35304 MiB, 118.89 W
2026/08/27 15:03:00.049, 0, 100 %, 25 %, 35310 MiB, 78.89 W
2026/08/27 15:03:00.049, 1, 100 %, 17 %, 35304 MiB, 178.33 W
2026/08/27 15:03:00.049, 2, 100 %, 21 %, 35304 MiB, 113.12 W
2026/08/27 15:03:05.050, 0, 100 %, 25 %, 35310 MiB, 127.02 W
2026/08/27 15:03:05.050, 1, 100 %, 20 %, 35304 MiB, 130.44 W
2026/08/27 15:03:05.050, 2, 100 %, 22 %, 35304 MiB, 166.13 W
2026/08/27 15:03:10.051, 0, 100 %, 0 %, 35310 MiB, 73.52 W
2026/08/27 15:03:10.051, 1, 99 %, 0 %, 35304 MiB, 70.69 W
2026/08/27 15:03:10.051, 2, 100 %, 0 %, 35304 MiB, 74.46 W
2026/08/27 15:03:15.051, 0, 100 %, 1 %, 35310 MiB, 75.28 W
2026/08/27 15:03:15.052, 1, 100 %, 2 %, 35304 MiB, 70.68 W
2026/08/27 15:03:15.052, 2, 99 %, 0 %, 35304 MiB, 74.27 W
2026/08/27 15:03:20.052, 0, 7 %, 0 %, 35310 MiB, 37.98 W
2026/08/27 15:03:20.052, 1, 0 %, 0 %, 35304 MiB, 37.18 W
2026/08/27 15:03:20.052, 2, 1 %, 0 %, 35304 MiB, 38.25 W
2026/08/27 15:03:25.053, 0, 8 %, 0 %, 35310 MiB, 37.51 W
2026/08/27 15:03:25.053, 1, 8 %, 0 %, 35304 MiB, 37.09 W
2026/08/27 15:03:25.053, 2, 0 %, 0 %, 35304 MiB, 38.04 W
2026/08/27 15:03:30.055, 0, 10 %, 0 %, 35310 MiB, 37.39 W
2026/08/27 15:03:30.055, 1, 4 %, 0 %, 35304 MiB, 36.97 W
2026/08/27 15:03:30.055, 2, 0 %, 0 %, 35304 MiB, 41.10 W
2026/08/27 15:03:35.055, 0, 0 %, 0 %, 35310 MiB, 37.99 W
2026/08/27 15:03:35.056, 1, 0 %, 0 %, 35304 MiB, 36.88 W
2026/08/27 15:03:35.056, 2, 5 %, 3 %, 35304 MiB, 38.44 W
2026/08/27 15:03:40.056, 0, 0 %, 0 %, 35310 MiB, 37.23 W
2026/08/27 15:03:40.056, 1, 0 %, 0 %, 35304 MiB, 37.09 W
2026/08/27 15:03:40.056, 2, 0 %, 0 %, 35304 MiB, 37.95 W
2026/08/27 15:03:45.056, 0, 5 %, 0 %, 35310 MiB, 37.03 W
2026/08/27 15:03:45.056, 1, 0 %, 0 %, 35304 MiB, 36.91 W
2026/08/27 15:03:45.056, 2, 0 %, 0 %, 35304 MiB, 38.04 W
2026/08/27 15:03:50.057, 0, 0 %, 0 %, 35310 MiB, 37.24 W
2026/08/27 15:03:50.057, 1, 0 %, 0 %, 35304 MiB, 36.90 W
2026/08/27 15:03:50.057, 2, 0 %, 0 %, 35304 MiB, 37.56 W
2026/08/27 15:03:55.057, 0, 1 %, 0 %, 35310 MiB, 37.33 W
2026/08/27 15:03:55.058, 1, 0 %, 0 %, 35304 MiB, 36.91 W
2026/08/27 15:03:55.058, 2, 0 %, 0 %, 35304 MiB, 37.36 W
2026/08/27 15:04:00.058, 0, 100 %, 24 %, 35310 MiB, 90.34 W
2026/08/27 15:04:00.058, 1, 100 %, 20 %, 35304 MiB, 153.73 W
2026/08/27 15:04:00.058, 2, 100 %, 21 %, 35306 MiB, 78.71 W
2026/08/27 15:04:05.058, 0, 100 %, 18 %, 35310 MiB, 126.55 W
2026/08/27 15:04:05.059, 1, 100 %, 22 %, 35304 MiB, 133.53 W
2026/08/27 15:04:05.059, 2, 100 %, 17 %, 35306 MiB, 104.44 W
2026/08/27 15:04:10.059, 0, 100 %, 20 %, 35310 MiB, 162.02 W
2026/08/27 15:04:10.059, 1, 100 %, 26 %, 35304 MiB, 158.29 W
2026/08/27 15:04:10.059, 2, 100 %, 24 %, 35306 MiB, 91.79 W
2026/08/27 15:04:15.059, 0, 100 %, 25 %, 35310 MiB, 154.38 W
2026/08/27 15:04:15.060, 1, 100 %, 29 %, 35304 MiB, 154.12 W
2026/08/27 15:04:15.060, 2, 100 %, 26 %, 35306 MiB, 86.05 W
2026/08/27 15:04:20.061, 0, 100 %, 0 %, 35310 MiB, 74.31 W
2026/08/27 15:04:20.061, 1, 100 %, 0 %, 35304 MiB, 70.69 W
2026/08/27 15:04:20.061, 2, 100 %, 0 %, 35308 MiB, 74.27 W
2026/08/27 15:04:25.061, 0, 100 %, 0 %, 35310 MiB, 74.18 W
2026/08/27 15:04:25.061, 1, 100 %, 0 %, 35304 MiB, 70.49 W
2026/08/27 15:04:25.061, 2, 100 %, 0 %, 35308 MiB, 73.98 W
2026/08/27 15:04:30.061, 0, 0 %, 0 %, 35312 MiB, 37.80 W
2026/08/27 15:04:30.062, 1, 4 %, 0 %, 35304 MiB, 39.54 W
2026/08/27 15:04:30.062, 2, 0 %, 0 %, 35308 MiB, 38.24 W
2026/08/27 15:04:35.062, 0, 4 %, 0 %, 35312 MiB, 37.50 W
2026/08/27 15:04:35.063, 1, 0 %, 0 %, 35304 MiB, 36.98 W
2026/08/27 15:04:35.063, 2, 10 %, 0 %, 35308 MiB, 38.02 W
2026/08/27 15:04:40.063, 0, 0 %, 0 %, 35312 MiB, 37.32 W
2026/08/27 15:04:40.063, 1, 4 %, 0 %, 35304 MiB, 36.88 W
2026/08/27 15:04:40.063, 2, 7 %, 0 %, 35308 MiB, 38.35 W
2026/08/27 15:04:45.064, 0, 0 %, 0 %, 35312 MiB, 37.41 W
2026/08/27 15:04:45.064, 1, 0 %, 0 %, 35304 MiB, 37.18 W
2026/08/27 15:04:45.064, 2, 4 %, 0 %, 35308 MiB, 38.03 W
2026/08/27 15:04:50.064, 0, 7 %, 0 %, 35312 MiB, 37.41 W
2026/08/27 15:04:50.064, 1, 0 %, 0 %, 35304 MiB, 38.86 W
2026/08/27 15:04:50.064, 2, 0 %, 0 %, 35310 MiB, 37.94 W
2026/08/27 15:04:55.065, 0, 4 %, 0 %, 35314 MiB, 37.32 W
2026/08/27 15:04:55.065, 1, 9 %, 3 %, 35304 MiB, 36.99 W
2026/08/27 15:04:55.065, 2, 0 %, 0 %, 35310 MiB, 37.74 W
2026/08/27 15:05:00.065, 0, 9 %, 0 %, 35314 MiB, 37.22 W
2026/08/27 15:05:00.066, 1, 3 %, 0 %, 35304 MiB, 36.99 W
2026/08/27 15:05:00.066, 2, 0 %, 0 %, 35310 MiB, 37.56 W
2026/08/27 15:05:05.066, 0, 14 %, 6 %, 35314 MiB, 37.22 W
2026/08/27 15:05:05.066, 1, 0 %, 0 %, 35304 MiB, 36.89 W
2026/08/27 15:05:05.066, 2, 7 %, 0 %, 35310 MiB, 37.65 W
2026/08/27 15:05:10.067, 0, 0 %, 0 %, 35314 MiB, 47.39 W
2026/08/27 15:05:10.067, 1, 12 %, 5 %, 35304 MiB, 36.79 W
2026/08/27 15:05:10.067, 2, 0 %, 0 %, 35310 MiB, 53.19 W
2026/08/27 15:05:15.067, 0, 100 %, 11 %, 35314 MiB, 91.91 W
2026/08/27 15:05:15.067, 1, 100 %, 13 %, 35306 MiB, 90.26 W
2026/08/27 15:05:15.068, 2, 100 %, 7 %, 35310 MiB, 105.82 W
2026/08/27 15:05:20.068, 0, 100 %, 27 %, 35314 MiB, 165.93 W
2026/08/27 15:05:20.068, 1, 100 %, 21 %, 35306 MiB, 74.42 W
2026/08/27 15:05:20.068, 2, 100 %, 26 %, 35310 MiB, 75.24 W
2026/08/27 15:05:25.068, 0, 99 %, 17 %, 35314 MiB, 131.32 W
2026/08/27 15:05:25.069, 1, 100 %, 26 %, 35306 MiB, 104.62 W
2026/08/27 15:05:25.069, 2, 100 %, 21 %, 35310 MiB, 218.49 W
2026/08/27 15:05:30.069, 0, 100 %, 20 %, 35314 MiB, 101.65 W
2026/08/27 15:05:30.070, 1, 100 %, 25 %, 35306 MiB, 123.68 W
2026/08/27 15:05:30.070, 2, 100 %, 25 %, 35310 MiB, 97.15 W
2026/08/27 15:05:35.070, 0, 100 %, 0 %, 35314 MiB, 74.11 W
2026/08/27 15:05:35.070, 1, 100 %, 0 %, 35308 MiB, 70.79 W
2026/08/27 15:05:35.070, 2, 100 %, 0 %, 35310 MiB, 74.17 W
2026/08/27 15:05:40.071, 0, 100 %, 0 %, 35314 MiB, 73.49 W
2026/08/27 15:05:40.071, 1, 100 %, 1 %, 35308 MiB, 71.84 W
2026/08/27 15:05:40.071, 2, 99 %, 1 %, 35310 MiB, 74.86 W
2026/08/27 15:05:45.072, 0, 4 %, 0 %, 35314 MiB, 37.70 W
2026/08/27 15:05:45.072, 1, 0 %, 0 %, 35308 MiB, 40.14 W
2026/08/27 15:05:45.072, 2, 4 %, 0 %, 35310 MiB, 38.42 W
2026/08/27 15:05:50.072, 0, 0 %, 0 %, 35314 MiB, 37.50 W
2026/08/27 15:05:50.072, 1, 2 %, 0 %, 35308 MiB, 37.08 W
2026/08/27 15:05:50.073, 2, 4 %, 0 %, 35310 MiB, 38.13 W
2026/08/27 15:05:55.073, 0, 4 %, 0 %, 35314 MiB, 37.42 W
2026/08/27 15:05:55.073, 1, 4 %, 0 %, 35308 MiB, 36.88 W
2026/08/27 15:05:55.073, 2, 4 %, 0 %, 35310 MiB, 38.23 W
2026/08/27 15:06:00.073, 0, 5 %, 0 %, 35314 MiB, 37.41 W
2026/08/27 15:06:00.074, 1, 0 %, 0 %, 35308 MiB, 37.09 W
2026/08/27 15:06:00.074, 2, 8 %, 0 %, 35310 MiB, 38.15 W
2026/08/27 15:06:05.075, 0, 0 %, 0 %, 35314 MiB, 37.51 W
2026/08/27 15:06:05.075, 1, 0 %, 0 %, 35310 MiB, 37.08 W
2026/08/27 15:06:05.075, 2, 4 %, 0 %, 35312 MiB, 37.65 W
2026/08/27 15:06:10.076, 0, 12 %, 1 %, 35314 MiB, 37.70 W
2026/08/27 15:06:10.076, 1, 4 %, 0 %, 35310 MiB, 38.18 W
2026/08/27 15:06:10.076, 2, 9 %, 4 %, 35312 MiB, 38.81 W
2026/08/27 15:06:15.077, 0, 18 %, 1 %, 35314 MiB, 37.41 W
2026/08/27 15:06:15.077, 1, 0 %, 0 %, 35310 MiB, 37.08 W
2026/08/27 15:06:15.077, 2, 10 %, 1 %, 35312 MiB, 37.65 W
2026/08/27 15:06:20.078, 0, 13 %, 5 %, 35314 MiB, 37.70 W
2026/08/27 15:06:20.078, 1, 0 %, 0 %, 35310 MiB, 36.70 W
2026/08/27 15:06:20.079, 2, 8 %, 3 %, 35312 MiB, 37.65 W
2026/08/27 15:06:25.079, 0, 14 %, 1 %, 35314 MiB, 37.31 W
2026/08/27 15:06:25.079, 1, 0 %, 0 %, 35310 MiB, 39.25 W
2026/08/27 15:06:25.080, 2, 0 %, 0 %, 35312 MiB, 37.46 W
2026/08/27 15:06:30.081, 0, 3 %, 0 %, 35314 MiB, 37.12 W
2026/08/27 15:06:30.081, 1, 8 %, 3 %, 35310 MiB, 36.70 W
2026/08/27 15:06:30.081, 2, 10 %, 5 %, 35312 MiB, 37.46 W
2026/08/27 15:06:35.081, 0, 0 %, 0 %, 35314 MiB, 60.99 W
2026/08/27 15:06:35.081, 1, 4 %, 3 %, 35310 MiB, 36.61 W
2026/08/27 15:06:35.082, 2, 0 %, 0 %, 35312 MiB, 37.36 W
2026/08/27 15:06:40.082, 0, 0 %, 0 %, 35314 MiB, 36.83 W
2026/08/27 15:06:40.082, 1, 0 %, 0 %, 35310 MiB, 36.71 W
2026/08/27 15:06:40.082, 2, 0 %, 0 %, 35312 MiB, 37.28 W
2026/08/27 15:06:45.082, 0, 0 %, 0 %, 35314 MiB, 36.64 W
2026/08/27 15:06:45.083, 1, 0 %, 0 %, 35312 MiB, 36.71 W
2026/08/27 15:06:45.083, 2, 0 %, 0 %, 35312 MiB, 37.57 W
2026/08/27 15:06:50.083, 0, 100 %, 30 %, 35314 MiB, 202.40 W
2026/08/27 15:06:50.083, 1, 100 %, 23 %, 35312 MiB, 117.00 W
2026/08/27 15:06:50.083, 2, 100 %, 28 %, 35312 MiB, 207.20 W
2026/08/27 15:06:55.084, 0, 100 %, 25 %, 35314 MiB, 181.36 W
2026/08/27 15:06:55.084, 1, 100 %, 23 %, 35312 MiB, 155.10 W
2026/08/27 15:06:55.084, 2, 100 %, 30 %, 35312 MiB, 201.87 W
2026/08/27 15:07:00.084, 0, 100 %, 25 %, 35314 MiB, 140.78 W
2026/08/27 15:07:00.085, 1, 100 %, 24 %, 35312 MiB, 117.48 W
2026/08/27 15:07:00.085, 2, 100 %, 22 %, 35312 MiB, 138.88 W
2026/08/27 15:07:05.085, 0, 95 %, 21 %, 35314 MiB, 59.93 W
2026/08/27 15:07:05.086, 1, 100 %, 21 %, 35312 MiB, 155.68 W
2026/08/27 15:07:05.086, 2, 72 %, 15 %, 35312 MiB, 60.23 W
2026/08/27 15:07:10.087, 0, 99 %, 1 %, 35314 MiB, 80.52 W
2026/08/27 15:07:10.087, 1, 100 %, 3 %, 35312 MiB, 70.25 W
2026/08/27 15:07:10.087, 2, 100 %, 0 %, 35312 MiB, 72.95 W
2026/08/27 15:07:15.087, 0, 72 %, 5 %, 35314 MiB, 62.10 W
2026/08/27 15:07:15.087, 1, 66 %, 10 %, 35312 MiB, 57.12 W
2026/08/27 15:07:15.087, 2, 71 %, 11 %, 35312 MiB, 58.97 W
2026/08/27 15:07:20.088, 0, 0 %, 0 %, 35314 MiB, 37.42 W
2026/08/27 15:07:20.088, 1, 0 %, 0 %, 35312 MiB, 37.37 W
2026/08/27 15:07:20.088, 2, 9 %, 0 %, 35312 MiB, 38.12 W
2026/08/27 15:07:25.088, 0, 0 %, 0 %, 35314 MiB, 37.60 W
2026/08/27 15:07:25.089, 1, 7 %, 0 %, 35312 MiB, 37.18 W
2026/08/27 15:07:25.089, 2, 4 %, 0 %, 35312 MiB, 38.15 W
2026/08/27 15:07:30.089, 0, 4 %, 0 %, 35314 MiB, 37.50 W
2026/08/27 15:07:30.089, 1, 0 %, 0 %, 35312 MiB, 36.97 W
2026/08/27 15:07:30.089, 2, 0 %, 0 %, 35312 MiB, 37.73 W
2026/08/27 15:07:35.090, 0, 3 %, 0 %, 35314 MiB, 37.49 W
2026/08/27 15:07:35.090, 1, 0 %, 0 %, 35312 MiB, 37.28 W
2026/08/27 15:07:35.090, 2, 4 %, 0 %, 35314 MiB, 37.73 W
2026/08/27 15:07:40.090, 0, 7 %, 1 %, 35314 MiB, 37.61 W
2026/08/27 15:07:40.090, 1, 3 %, 0 %, 35314 MiB, 36.79 W
2026/08/27 15:07:40.090, 2, 4 %, 0 %, 35314 MiB, 37.95 W
2026/08/27 15:07:45.091, 0, 13 %, 5 %, 35314 MiB, 37.12 W
2026/08/27 15:07:45.091, 1, 0 %, 0 %, 35314 MiB, 37.70 W
2026/08/27 15:07:45.091, 2, 4 %, 0 %, 35314 MiB, 37.75 W
2026/08/27 15:07:50.091, 0, 1 %, 0 %, 35314 MiB, 40.15 W
2026/08/27 15:07:50.092, 1, 10 %, 6 %, 35314 MiB, 36.68 W
2026/08/27 15:07:50.092, 2, 7 %, 1 %, 35314 MiB, 46.84 W
2026/08/27 15:07:55.092, 0, 0 %, 0 %, 35314 MiB, 37.00 W
2026/08/27 15:07:55.092, 1, 24 %, 11 %, 35314 MiB, 37.16 W
2026/08/27 15:07:55.092, 2, 13 %, 6 %, 35314 MiB, 37.64 W
2026/08/27 15:08:00.093, 0, 0 %, 0 %, 35316 MiB, 36.91 W
2026/08/27 15:08:00.093, 1, 0 %, 0 %, 35314 MiB, 36.59 W
2026/08/27 15:08:00.093, 2, 0 %, 0 %, 35314 MiB, 37.55 W
2026/08/27 15:08:05.093, 0, 4 %, 3 %, 35316 MiB, 36.93 W
2026/08/27 15:08:05.093, 1, 4 %, 1 %, 35314 MiB, 36.50 W
2026/08/27 15:08:05.093, 2, 0 %, 0 %, 35314 MiB, 37.46 W
2026/08/27 15:08:10.094, 0, 0 %, 0 %, 35316 MiB, 38.20 W
2026/08/27 15:08:10.094, 1, 0 %, 0 %, 35314 MiB, 36.40 W
2026/08/27 15:08:10.094, 2, 1 %, 0 %, 35314 MiB, 37.36 W
2026/08/27 15:08:15.095, 0, 10 %, 4 %, 35316 MiB, 36.72 W
2026/08/27 15:08:15.095, 1, 0 %, 0 %, 35314 MiB, 36.50 W
2026/08/27 15:08:15.095, 2, 6 %, 0 %, 35314 MiB, 37.26 W
2026/08/27 15:08:20.095, 0, 4 %, 1 %, 35316 MiB, 39.59 W
2026/08/27 15:08:20.095, 1, 0 %, 0 %, 35314 MiB, 36.31 W
2026/08/27 15:08:20.095, 2, 0 %, 0 %, 35314 MiB, 37.07 W
2026/08/27 15:08:25.096, 0, 100 %, 19 %, 35316 MiB, 78.99 W
2026/08/27 15:08:25.096, 1, 100 %, 18 %, 35314 MiB, 75.50 W
2026/08/27 15:08:25.096, 2, 100 %, 23 %, 35314 MiB, 137.59 W
2026/08/27 15:08:30.096, 0, 100 %, 22 %, 35316 MiB, 114.26 W
2026/08/27 15:08:30.096, 1, 100 %, 17 %, 35314 MiB, 84.65 W
2026/08/27 15:08:30.096, 2, 100 %, 19 %, 35314 MiB, 141.11 W
2026/08/27 15:08:35.097, 0, 100 %, 23 %, 35316 MiB, 117.38 W
2026/08/27 15:08:35.097, 1, 100 %, 25 %, 35314 MiB, 116.93 W
2026/08/27 15:08:35.097, 2, 100 %, 28 %, 35314 MiB, 174.67 W
2026/08/27 15:08:40.097, 0, 100 %, 21 %, 35316 MiB, 120.88 W
2026/08/27 15:08:40.098, 1, 100 %, 19 %, 35314 MiB, 144.49 W
2026/08/27 15:08:40.098, 2, 100 %, 22 %, 35314 MiB, 162.21 W
2026/08/27 15:08:45.105, 0, 100 %, 0 %, 35316 MiB, 73.60 W
2026/08/27 15:08:45.106, 1, 100 %, 0 %, 35314 MiB, 69.99 W
2026/08/27 15:08:45.106, 2, 100 %, 0 %, 35314 MiB, 72.98 W
2026/08/27 15:08:50.106, 0, 99 %, 1 %, 35316 MiB, 73.99 W
2026/08/27 15:08:50.106, 1, 100 %, 0 %, 35314 MiB, 69.95 W
2026/08/27 15:08:50.106, 2, 100 %, 1 %, 35314 MiB, 74.07 W
2026/08/27 15:08:55.106, 0, 0 %, 0 %, 35316 MiB, 58.57 W
2026/08/27 15:08:55.107, 1, 0 %, 0 %, 35314 MiB, 57.04 W
2026/08/27 15:08:55.107, 2, 0 %, 0 %, 35314 MiB, 59.08 W
2026/08/27 15:09:00.107, 0, 5 %, 0 %, 35316 MiB, 37.50 W
2026/08/27 15:09:00.108, 1, 4 %, 0 %, 35314 MiB, 37.09 W
2026/08/27 15:09:00.108, 2, 0 %, 0 %, 35314 MiB, 38.25 W
2026/08/27 15:09:05.114, 0, 5 %, 0 %, 35316 MiB, 37.59 W
2026/08/27 15:09:05.114, 1, 0 %, 0 %, 35314 MiB, 36.98 W
2026/08/27 15:09:05.115, 2, 0 %, 0 %, 35314 MiB, 38.04 W
2026/08/27 15:09:10.115, 0, 4 %, 0 %, 35316 MiB, 37.39 W
2026/08/27 15:09:10.115, 1, 0 %, 0 %, 35314 MiB, 36.88 W
2026/08/27 15:09:10.115, 2, 4 %, 0 %, 35314 MiB, 38.33 W
2026/08/27 15:09:15.116, 0, 30 %, 4 %, 35316 MiB, 37.30 W
2026/08/27 15:09:15.116, 1, 0 %, 0 %, 35314 MiB, 85.64 W
2026/08/27 15:09:15.116, 2, 0 %, 0 %, 35314 MiB, 37.73 W
2026/08/27 15:09:20.116, 0, 3 %, 0 %, 35316 MiB, 37.12 W
2026/08/27 15:09:20.116, 1, 0 %, 0 %, 35316 MiB, 36.79 W
2026/08/27 15:09:20.116, 2, 0 %, 0 %, 35314 MiB, 37.85 W
2026/08/27 15:09:25.116, 0, 4 %, 0 %, 35316 MiB, 37.22 W
2026/08/27 15:09:25.117, 1, 0 %, 0 %, 35316 MiB, 38.27 W
2026/08/27 15:09:25.117, 2, 0 %, 0 %, 35314 MiB, 37.44 W
2026/08/27 15:09:30.118, 0, 29 %, 13 %, 35316 MiB, 37.10 W
2026/08/27 15:09:30.118, 1, 17 %, 6 %, 35316 MiB, 36.60 W
2026/08/27 15:09:30.118, 2, 7 %, 1 %, 35314 MiB, 37.45 W
2026/08/27 15:09:35.118, 0, 19 %, 3 %, 35316 MiB, 37.10 W
2026/08/27 15:09:35.119, 1, 0 %, 0 %, 35316 MiB, 36.69 W
2026/08/27 15:09:35.119, 2, 0 %, 0 %, 35314 MiB, 37.34 W
2026/08/27 15:09:40.119, 0, 0 %, 0 %, 35316 MiB, 37.01 W
2026/08/27 15:09:40.119, 1, 22 %, 8 %, 35316 MiB, 38.55 W
2026/08/27 15:09:40.119, 2, 0 %, 0 %, 35314 MiB, 37.35 W
2026/08/27 15:09:45.120, 0, 0 %, 0 %, 35316 MiB, 37.69 W
2026/08/27 15:09:45.120, 1, 0 %, 0 %, 35316 MiB, 36.39 W
2026/08/27 15:09:45.120, 2, 16 %, 8 %, 35314 MiB, 40.31 W
2026/08/27 15:09:50.120, 0, 11 %, 2 %, 35316 MiB, 36.82 W
2026/08/27 15:09:50.121, 1, 0 %, 0 %, 35316 MiB, 36.79 W
2026/08/27 15:09:50.121, 2, 4 %, 0 %, 35314 MiB, 37.26 W
2026/08/27 15:09:55.121, 0, 1 %, 0 %, 35316 MiB, 36.72 W
2026/08/27 15:09:55.121, 1, 13 %, 6 %, 35316 MiB, 71.23 W
2026/08/27 15:09:55.121, 2, 0 %, 0 %, 35314 MiB, 37.17 W
2026/08/27 15:10:00.122, 0, 4 %, 1 %, 35316 MiB, 39.27 W
2026/08/27 15:10:00.122, 1, 16 %, 4 %, 35316 MiB, 36.28 W
2026/08/27 15:10:00.122, 2, 12 %, 3 %, 35314 MiB, 42.79 W
2026/08/27 15:10:05.122, 0, 9 %, 1 %, 35316 MiB, 36.62 W
2026/08/27 15:10:05.122, 1, 0 %, 0 %, 35316 MiB, 36.29 W
2026/08/27 15:10:05.122, 2, 1 %, 0 %, 35314 MiB, 39.34 W
2026/08/27 15:10:10.123, 0, 1 %, 0 %, 35316 MiB, 36.54 W
2026/08/27 15:10:10.123, 1, 0 %, 0 %, 35316 MiB, 36.31 W
2026/08/27 15:10:10.123, 2, 7 %, 1 %, 35314 MiB, 37.17 W
2026/08/27 15:10:15.123, 0, 0 %, 0 %, 35316 MiB, 36.45 W
2026/08/27 15:10:15.124, 1, 0 %, 0 %, 35316 MiB, 36.29 W
2026/08/27 15:10:15.124, 2, 8 %, 3 %, 35314 MiB, 37.18 W
2026/08/27 15:10:20.124, 0, 0 %, 0 %, 35316 MiB, 36.64 W
2026/08/27 15:10:20.124, 1, 0 %, 0 %, 35316 MiB, 36.11 W
2026/08/27 15:10:20.124, 2, 0 %, 0 %, 35314 MiB, 37.08 W
2026/08/27 15:10:25.124, 0, 100 %, 21 %, 35316 MiB, 200.68 W
2026/08/27 15:10:25.125, 1, 100 %, 20 %, 35316 MiB, 142.05 W
2026/08/27 15:10:25.125, 2, 100 %, 27 %, 35314 MiB, 152.21 W
2026/08/27 15:10:30.125, 0, 100 %, 20 %, 35316 MiB, 81.96 W
2026/08/27 15:10:30.125, 1, 100 %, 17 %, 35316 MiB, 110.58 W
2026/08/27 15:10:30.125, 2, 100 %, 25 %, 35314 MiB, 115.39 W
2026/08/27 15:10:35.126, 0, 100 %, 21 %, 35316 MiB, 78.26 W
2026/08/27 15:10:35.126, 1, 100 %, 18 %, 35316 MiB, 166.77 W
2026/08/27 15:10:35.126, 2, 100 %, 24 %, 35314 MiB, 77.31 W
2026/08/27 15:10:40.127, 0, 100 %, 21 %, 35316 MiB, 140.54 W
2026/08/27 15:10:40.127, 1, 100 %, 21 %, 35316 MiB, 106.36 W
2026/08/27 15:10:40.128, 2, 100 %, 23 %, 35314 MiB, 154.96 W
2026/08/27 15:10:45.128, 0, 100 %, 0 %, 35316 MiB, 75.36 W
2026/08/27 15:10:45.129, 1, 100 %, 0 %, 35316 MiB, 69.78 W
2026/08/27 15:10:45.129, 2, 100 %, 1 %, 35314 MiB, 73.35 W
2026/08/27 15:10:50.129, 0, 100 %, 1 %, 35316 MiB, 72.45 W
2026/08/27 15:10:50.130, 1, 100 %, 1 %, 35316 MiB, 69.89 W
2026/08/27 15:10:50.130, 2, 99 %, 1 %, 35314 MiB, 73.07 W
2026/08/27 15:10:55.130, 0, 0 %, 0 %, 35316 MiB, 58.29 W
2026/08/27 15:10:55.130, 1, 0 %, 0 %, 35316 MiB, 56.14 W
2026/08/27 15:10:55.130, 2, 0 %, 0 %, 35314 MiB, 58.78 W
2026/08/27 15:11:00.131, 0, 10 %, 0 %, 35316 MiB, 37.68 W
2026/08/27 15:11:00.131, 1, 0 %, 0 %, 35316 MiB, 36.88 W
2026/08/27 15:11:00.131, 2, 13 %, 6 %, 35314 MiB, 37.95 W
2026/08/27 15:11:05.132, 0, 0 %, 0 %, 35316 MiB, 37.32 W
2026/08/27 15:11:05.132, 1, 11 %, 0 %, 35316 MiB, 36.79 W
2026/08/27 15:11:05.132, 2, 4 %, 0 %, 35314 MiB, 38.04 W
2026/08/27 15:11:10.133, 0, 0 %, 0 %, 35316 MiB, 37.12 W
2026/08/27 15:11:10.133, 1, 5 %, 0 %, 35316 MiB, 36.79 W
2026/08/27 15:11:10.133, 2, 5 %, 0 %, 35314 MiB, 37.75 W
2026/08/27 15:11:15.135, 0, 4 %, 0 %, 35316 MiB, 37.11 W
2026/08/27 15:11:15.135, 1, 0 %, 0 %, 35316 MiB, 36.68 W
2026/08/27 15:11:15.135, 2, 5 %, 0 %, 35314 MiB, 37.65 W
2026/08/27 15:11:20.136, 0, 0 %, 0 %, 35316 MiB, 39.77 W
2026/08/27 15:11:20.136, 1, 7 %, 1 %, 35316 MiB, 37.08 W
2026/08/27 15:11:20.136, 2, 5 %, 0 %, 35314 MiB, 37.65 W
2026/08/27 15:11:25.136, 0, 0 %, 0 %, 35316 MiB, 36.93 W
2026/08/27 15:11:25.137, 1, 6 %, 0 %, 35316 MiB, 37.88 W
2026/08/27 15:11:25.137, 2, 6 %, 1 %, 35314 MiB, 37.56 W
2026/08/27 15:11:30.137, 0, 9 %, 4 %, 35316 MiB, 36.93 W
2026/08/27 15:11:30.137, 1, 0 %, 0 %, 35316 MiB, 36.56 W
2026/08/27 15:11:30.137, 2, 4 %, 0 %, 35314 MiB, 38.73 W
2026/08/27 15:11:35.138, 0, 0 %, 0 %, 35316 MiB, 37.03 W
2026/08/27 15:11:35.138, 1, 0 %, 0 %, 35316 MiB, 41.23 W
2026/08/27 15:11:35.138, 2, 15 %, 2 %, 35314 MiB, 37.44 W
2026/08/27 15:11:40.138, 0, 4 %, 0 %, 35316 MiB, 41.07 W
2026/08/27 15:11:40.138, 1, 10 %, 5 %, 35316 MiB, 36.98 W
2026/08/27 15:11:40.138, 2, 0 %, 0 %, 35314 MiB, 37.26 W
2026/08/27 15:11:45.139, 0, 0 %, 0 %, 35316 MiB, 47.06 W
2026/08/27 15:11:45.139, 1, 19 %, 7 %, 35316 MiB, 39.54 W
2026/08/27 15:11:45.139, 2, 0 %, 0 %, 35314 MiB, 45.54 W
2026/08/27 15:11:50.139, 0, 0 %, 0 %, 35316 MiB, 36.82 W
2026/08/27 15:11:50.140, 1, 0 %, 0 %, 35316 MiB, 36.48 W
2026/08/27 15:11:50.140, 2, 14 %, 5 %, 35316 MiB, 37.17 W
2026/08/27 15:11:55.140, 0, 4 %, 0 %, 35316 MiB, 37.02 W
2026/08/27 15:11:55.140, 1, 0 %, 0 %, 35316 MiB, 37.08 W
2026/08/27 15:11:55.140, 2, 15 %, 7 %, 35316 MiB, 53.16 W
2026/08/27 15:12:00.141, 0, 0 %, 0 %, 35316 MiB, 39.19 W
2026/08/27 15:12:00.141, 1, 0 %, 0 %, 35316 MiB, 43.20 W
2026/08/27 15:12:00.141, 2, 0 %, 0 %, 35316 MiB, 37.17 W
2026/08/27 15:12:05.142, 0, 0 %, 0 %, 35316 MiB, 36.71 W
2026/08/27 15:12:05.142, 1, 14 %, 2 %, 35316 MiB, 36.28 W
2026/08/27 15:12:05.142, 2, 8 %, 1 %, 35316 MiB, 44.18 W
2026/08/27 15:12:10.143, 0, 9 %, 0 %, 35316 MiB, 37.32 W
2026/08/27 15:12:10.143, 1, 4 %, 0 %, 35316 MiB, 69.05 W
2026/08/27 15:12:10.143, 2, 9 %, 1 %, 35316 MiB, 37.04 W
2026/08/27 15:12:15.143, 0, 0 %, 0 %, 35316 MiB, 36.71 W
2026/08/27 15:12:15.143, 1, 0 %, 0 %, 35316 MiB, 36.20 W
2026/08/27 15:12:15.143, 2, 0 %, 0 %, 35316 MiB, 37.17 W
2026/08/27 15:12:20.144, 0, 0 %, 0 %, 35316 MiB, 36.43 W
2026/08/27 15:12:20.144, 1, 10 %, 5 %, 35316 MiB, 36.30 W
2026/08/27 15:12:20.144, 2, 0 %, 0 %, 35316 MiB, 37.07 W
2026/08/27 15:12:25.144, 0, 0 %, 0 %, 35316 MiB, 37.10 W
2026/08/27 15:12:25.145, 1, 0 %, 0 %, 35316 MiB, 36.20 W
2026/08/27 15:12:25.145, 2, 3 %, 2 %, 35316 MiB, 45.87 W
2026/08/27 15:12:30.145, 0, 100 %, 21 %, 35316 MiB, 192.91 W
2026/08/27 15:12:30.146, 1, 100 %, 23 %, 35316 MiB, 176.65 W
2026/08/27 15:12:30.146, 2, 100 %, 24 %, 35316 MiB, 108.56 W
2026/08/27 15:12:35.150, 0, 100 %, 21 %, 35316 MiB, 79.07 W
2026/08/27 15:12:35.150, 1, 100 %, 29 %, 35316 MiB, 96.33 W
2026/08/27 15:12:35.150, 2, 100 %, 16 %, 35316 MiB, 133.27 W
2026/08/27 15:12:40.151, 0, 100 %, 21 %, 35316 MiB, 76.71 W
2026/08/27 15:12:40.151, 1, 100 %, 23 %, 35316 MiB, 129.78 W
2026/08/27 15:12:40.151, 2, 100 %, 20 %, 35316 MiB, 86.74 W
2026/08/27 15:12:45.151, 0, 100 %, 22 %, 35316 MiB, 159.05 W
2026/08/27 15:12:45.152, 1, 100 %, 27 %, 35316 MiB, 90.57 W
2026/08/27 15:12:45.152, 2, 100 %, 21 %, 35316 MiB, 134.01 W
2026/08/27 15:12:50.152, 0, 100 %, 0 %, 35316 MiB, 72.40 W
2026/08/27 15:12:50.152, 1, 100 %, 0 %, 35316 MiB, 69.76 W
2026/08/27 15:12:50.152, 2, 100 %, 0 %, 35316 MiB, 73.18 W
2026/08/27 15:12:55.153, 0, 100 %, 2 %, 35316 MiB, 72.81 W
2026/08/27 15:12:55.153, 1, 99 %, 2 %, 35316 MiB, 79.67 W
2026/08/27 15:12:55.153, 2, 100 %, 1 %, 35316 MiB, 72.78 W
2026/08/27 15:13:00.154, 0, 41 %, 1 %, 35316 MiB, 58.28 W
2026/08/27 15:13:00.154, 1, 16 %, 0 %, 35316 MiB, 57.04 W
2026/08/27 15:13:00.154, 2, 0 %, 0 %, 35316 MiB, 58.47 W
2026/08/27 15:13:05.154, 0, 0 %, 0 %, 35316 MiB, 37.51 W
2026/08/27 15:13:05.155, 1, 8 %, 0 %, 35316 MiB, 36.98 W
2026/08/27 15:13:05.155, 2, 0 %, 0 %, 35316 MiB, 38.04 W
2026/08/27 15:13:10.155, 0, 4 %, 0 %, 35316 MiB, 37.50 W
2026/08/27 15:13:10.155, 1, 4 %, 0 %, 35316 MiB, 36.79 W
2026/08/27 15:13:10.155, 2, 4 %, 0 %, 35316 MiB, 37.85 W
2026/08/27 15:13:15.156, 0, 5 %, 0 %, 35316 MiB, 37.29 W
2026/08/27 15:13:15.156, 1, 8 %, 0 %, 35316 MiB, 36.78 W
2026/08/27 15:13:15.156, 2, 0 %, 0 %, 35316 MiB, 37.63 W
2026/08/27 15:13:20.157, 0, 4 %, 0 %, 35316 MiB, 37.00 W
2026/08/27 15:13:20.157, 1, 22 %, 5 %, 35316 MiB, 36.79 W
2026/08/27 15:13:20.157, 2, 6 %, 0 %, 35316 MiB, 38.63 W
2026/08/27 15:13:25.158, 0, 0 %, 0 %, 35316 MiB, 36.89 W
2026/08/27 15:13:25.158, 1, 0 %, 0 %, 35316 MiB, 38.16 W
2026/08/27 15:13:25.158, 2, 0 %, 0 %, 35316 MiB, 58.79 W
2026/08/27 15:13:30.158, 0, 3 %, 0 %, 35316 MiB, 37.71 W
2026/08/27 15:13:30.158, 1, 6 %, 1 %, 35316 MiB, 36.49 W
2026/08/27 15:13:30.158, 2, 0 %, 0 %, 35316 MiB, 37.75 W
2026/08/27 15:13:35.159, 0, 0 %, 0 %, 35316 MiB, 36.92 W
2026/08/27 15:13:35.159, 1, 0 %, 0 %, 35316 MiB, 36.49 W
2026/08/27 15:13:35.159, 2, 0 %, 0 %, 35316 MiB, 38.45 W
2026/08/27 15:13:40.159, 0, 0 %, 0 %, 35316 MiB, 36.90 W
2026/08/27 15:13:40.159, 1, 3 %, 2 %, 35316 MiB, 47.44 W
2026/08/27 15:13:40.159, 2, 3 %, 0 %, 35316 MiB, 37.54 W
2026/08/27 15:13:45.160, 0, 4 %, 0 %, 35316 MiB, 36.93 W
2026/08/27 15:13:45.160, 1, 10 %, 1 %, 35316 MiB, 36.49 W
2026/08/27 15:13:45.160, 2, 0 %, 0 %, 35316 MiB, 37.75 W
2026/08/27 15:13:50.161, 0, 0 %, 0 %, 35316 MiB, 36.62 W
2026/08/27 15:13:50.161, 1, 5 %, 1 %, 35316 MiB, 41.13 W
2026/08/27 15:13:50.161, 2, 0 %, 0 %, 35316 MiB, 37.17 W
2026/08/27 15:13:55.161, 0, 0 %, 0 %, 35316 MiB, 36.71 W
2026/08/27 15:13:55.161, 1, 3 %, 0 %, 35316 MiB, 36.58 W
2026/08/27 15:13:55.161, 2, 0 %, 0 %, 35316 MiB, 37.15 W
2026/08/27 15:14:00.162, 0, 0 %, 0 %, 35316 MiB, 36.62 W
2026/08/27 15:14:00.162, 1, 0 %, 0 %, 35316 MiB, 36.49 W
2026/08/27 15:14:00.162, 2, 8 %, 0 %, 35316 MiB, 37.07 W
2026/08/27 15:14:05.162, 0, 0 %, 0 %, 35316 MiB, 48.84 W
2026/08/27 15:14:05.162, 1, 6 %, 0 %, 35316 MiB, 37.86 W
2026/08/27 15:14:05.162, 2, 0 %, 0 %, 35316 MiB, 45.85 W
2026/08/27 15:14:10.163, 0, 15 %, 6 %, 35316 MiB, 39.48 W
2026/08/27 15:14:10.163, 1, 39 %, 4 %, 35316 MiB, 36.09 W
2026/08/27 15:14:10.163, 2, 0 %, 0 %, 35316 MiB, 36.97 W
2026/08/27 15:14:15.163, 0, 88 %, 11 %, 35316 MiB, 56.62 W
2026/08/27 15:14:15.164, 1, 4 %, 0 %, 35316 MiB, 36.87 W
2026/08/27 15:14:15.164, 2, 15 %, 5 %, 35316 MiB, 37.24 W
2026/08/27 15:14:20.164, 0, 9 %, 0 %, 35316 MiB, 37.40 W
2026/08/27 15:14:20.164, 1, 0 %, 0 %, 35316 MiB, 36.48 W
2026/08/27 15:14:20.164, 2, 11 %, 0 %, 35316 MiB, 38.94 W
2026/08/27 15:14:25.165, 0, 1 %, 0 %, 35316 MiB, 36.61 W
2026/08/27 15:14:25.165, 1, 0 %, 0 %, 35316 MiB, 43.21 W
2026/08/27 15:14:25.165, 2, 8 %, 1 %, 35316 MiB, 37.26 W
2026/08/27 15:14:30.165, 0, 7 %, 1 %, 35316 MiB, 38.19 W
2026/08/27 15:14:30.165, 1, 13 %, 6 %, 35316 MiB, 41.03 W
2026/08/27 15:14:30.165, 2, 4 %, 0 %, 35316 MiB, 37.17 W
2026/08/27 15:14:35.166, 0, 0 %, 0 %, 35316 MiB, 36.43 W
2026/08/27 15:14:35.166, 1, 0 %, 0 %, 35316 MiB, 36.20 W
2026/08/27 15:14:35.166, 2, 0 %, 0 %, 35316 MiB, 37.07 W
2026/08/27 15:14:40.167, 0, 0 %, 0 %, 35316 MiB, 36.55 W
2026/08/27 15:14:40.167, 1, 17 %, 4 %, 35316 MiB, 89.11 W
2026/08/27 15:14:40.167, 2, 0 %, 0 %, 35316 MiB, 60.27 W
2026/08/27 15:14:45.167, 0, 100 %, 30 %, 35316 MiB, 78.08 W
2026/08/27 15:14:45.167, 1, 100 %, 17 %, 35316 MiB, 73.89 W
2026/08/27 15:14:45.167, 2, 100 %, 25 %, 35316 MiB, 109.84 W
2026/08/27 15:14:50.167, 0, 100 %, 31 %, 35316 MiB, 184.85 W
2026/08/27 15:14:50.168, 1, 100 %, 22 %, 35316 MiB, 90.32 W
2026/08/27 15:14:50.168, 2, 100 %, 20 %, 35316 MiB, 110.86 W
2026/08/27 15:14:55.168, 0, 99 %, 20 %, 35316 MiB, 214.07 W
2026/08/27 15:14:55.169, 1, 100 %, 25 %, 35316 MiB, 130.43 W
2026/08/27 15:14:55.169, 2, 100 %, 26 %, 35316 MiB, 80.88 W
2026/08/27 15:15:00.169, 0, 49 %, 3 %, 35316 MiB, 77.42 W
2026/08/27 15:15:00.169, 1, 92 %, 4 %, 35316 MiB, 70.68 W
2026/08/27 15:15:00.169, 2, 99 %, 3 %, 35316 MiB, 75.06 W
2026/08/27 15:15:05.169, 0, 100 %, 1 %, 35316 MiB, 72.83 W
2026/08/27 15:15:05.170, 1, 100 %, 0 %, 35316 MiB, 69.50 W
2026/08/27 15:15:05.170, 2, 100 %, 0 %, 35316 MiB, 72.69 W
2026/08/27 15:15:10.170, 0, 100 %, 0 %, 35316 MiB, 72.34 W
2026/08/27 15:15:10.170, 1, 100 %, 1 %, 35316 MiB, 69.30 W
2026/08/27 15:15:10.170, 2, 100 %, 0 %, 35316 MiB, 73.28 W
2026/08/27 15:15:15.170, 0, 0 %, 0 %, 35316 MiB, 37.71 W
2026/08/27 15:15:15.170, 1, 0 %, 0 %, 35316 MiB, 37.16 W
2026/08/27 15:15:15.171, 2, 2 %, 0 %, 35316 MiB, 39.53 W
2026/08/27 15:15:20.172, 0, 0 %, 0 %, 35316 MiB, 37.60 W
2026/08/27 15:15:20.172, 1, 0 %, 0 %, 35316 MiB, 36.79 W
2026/08/27 15:15:20.173, 2, 15 %, 8 %, 35316 MiB, 42.19 W
2026/08/27 15:15:25.174, 0, 4 %, 0 %, 35316 MiB, 37.49 W
2026/08/27 15:15:25.174, 1, 4 %, 0 %, 35316 MiB, 37.47 W
2026/08/27 15:15:25.174, 2, 4 %, 0 %, 35316 MiB, 55.23 W
2026/08/27 15:15:30.175, 0, 0 %, 0 %, 35316 MiB, 46.46 W
2026/08/27 15:15:30.176, 1, 4 %, 0 %, 35316 MiB, 36.58 W
2026/08/27 15:15:30.176, 2, 17 %, 9 %, 35316 MiB, 38.23 W
2026/08/27 15:15:35.176, 0, 4 %, 0 %, 35316 MiB, 41.16 W
2026/08/27 15:15:35.176, 1, 0 %, 0 %, 35316 MiB, 36.59 W
2026/08/27 15:15:35.176, 2, 0 %, 0 %, 35316 MiB, 45.37 W
2026/08/27 15:15:40.177, 0, 0 %, 0 %, 35316 MiB, 36.92 W
2026/08/27 15:15:40.177, 1, 0 %, 0 %, 35316 MiB, 36.49 W
2026/08/27 15:15:40.177, 2, 5 %, 0 %, 35316 MiB, 37.56 W
2026/08/27 15:15:45.177, 0, 0 %, 0 %, 35316 MiB, 36.72 W
2026/08/27 15:15:45.178, 1, 10 %, 4 %, 35316 MiB, 36.47 W
2026/08/27 15:15:45.178, 2, 13 %, 6 %, 35316 MiB, 62.74 W
2026/08/27 15:15:50.178, 0, 1 %, 0 %, 35316 MiB, 36.72 W
2026/08/27 15:15:50.178, 1, 4 %, 0 %, 35316 MiB, 36.70 W
2026/08/27 15:15:50.178, 2, 15 %, 7 %, 35316 MiB, 37.56 W
2026/08/27 15:15:55.179, 0, 9 %, 1 %, 35316 MiB, 37.01 W
2026/08/27 15:15:55.179, 1, 0 %, 0 %, 35316 MiB, 59.61 W
2026/08/27 15:15:55.179, 2, 0 %, 0 %, 35316 MiB, 37.56 W
2026/08/27 15:16:00.179, 0, 0 %, 0 %, 35316 MiB, 39.98 W
2026/08/27 15:16:00.179, 1, 10 %, 5 %, 35316 MiB, 36.48 W
2026/08/27 15:16:00.179, 2, 65 %, 10 %, 35316 MiB, 46.76 W
2026/08/27 15:16:05.180, 0, 10 %, 4 %, 35316 MiB, 36.90 W
2026/08/27 15:16:05.180, 1, 0 %, 0 %, 35316 MiB, 52.46 W
2026/08/27 15:16:05.180, 2, 5 %, 1 %, 35316 MiB, 53.98 W
2026/08/27 15:16:10.181, 0, 2 %, 0 %, 35316 MiB, 38.40 W
2026/08/27 15:16:10.182, 1, 6 %, 1 %, 35316 MiB, 38.16 W
2026/08/27 15:16:10.182, 2, 0 %, 0 %, 35316 MiB, 37.24 W
2026/08/27 15:16:15.183, 0, 0 %, 0 %, 35316 MiB, 46.47 W
2026/08/27 15:16:15.183, 1, 15 %, 2 %, 35316 MiB, 39.84 W
2026/08/27 15:16:15.183, 2, 0 %, 0 %, 35316 MiB, 37.24 W
2026/08/27 15:16:20.183, 0, 0 %, 0 %, 35316 MiB, 36.62 W
2026/08/27 15:16:20.184, 1, 6 %, 0 %, 35316 MiB, 38.86 W
2026/08/27 15:16:20.184, 2, 0 %, 0 %, 35316 MiB, 37.07 W
2026/08/27 15:16:25.185, 0, 0 %, 0 %, 35316 MiB, 36.62 W
2026/08/27 15:16:25.185, 1, 11 %, 0 %, 35316 MiB, 38.96 W
2026/08/27 15:16:25.186, 2, 0 %, 0 %, 35316 MiB, 37.05 W
2026/08/27 15:16:30.187, 0, 6 %, 1 %, 35316 MiB, 51.80 W
2026/08/27 15:16:30.187, 1, 0 %, 0 %, 35316 MiB, 37.26 W
2026/08/27 15:16:30.187, 2, 0 %, 0 %, 35316 MiB, 37.24 W
2026/08/27 15:16:35.188, 0, 12 %, 5 %, 35316 MiB, 46.30 W
2026/08/27 15:16:35.188, 1, 18 %, 8 %, 35316 MiB, 37.16 W
2026/08/27 15:16:35.188, 2, 0 %, 0 %, 35316 MiB, 37.14 W
2026/08/27 15:16:40.189, 0, 0 %, 0 %, 35316 MiB, 36.61 W
2026/08/27 15:16:40.189, 1, 25 %, 12 %, 35316 MiB, 36.29 W
2026/08/27 15:16:40.189, 2, 10 %, 4 %, 35316 MiB, 41.49 W
2026/08/27 15:16:45.190, 0, 25 %, 10 %, 35316 MiB, 36.41 W
2026/08/27 15:16:45.190, 1, 16 %, 6 %, 35316 MiB, 50.48 W
2026/08/27 15:16:45.190, 2, 0 %, 0 %, 35316 MiB, 37.15 W
2026/08/27 15:16:50.191, 0, 0 %, 0 %, 35316 MiB, 36.61 W
2026/08/27 15:16:50.191, 1, 13 %, 2 %, 35316 MiB, 36.48 W
2026/08/27 15:16:50.191, 2, 23 %, 12 %, 35316 MiB, 37.63 W
2026/08/27 15:16:55.192, 0, 14 %, 6 %, 35316 MiB, 36.33 W
2026/08/27 15:16:55.192, 1, 7 %, 6 %, 35316 MiB, 68.59 W
2026/08/27 15:16:55.193, 2, 0 %, 0 %, 35316 MiB, 37.07 W
2026/08/27 15:17:00.193, 0, 0 %, 0 %, 35316 MiB, 36.35 W
2026/08/27 15:17:00.193, 1, 0 %, 0 %, 35316 MiB, 35.92 W
2026/08/27 15:17:00.193, 2, 0 %, 0 %, 35316 MiB, 37.07 W
2026/08/27 15:17:05.193, 0, 0 %, 0 %, 35316 MiB, 36.35 W
2026/08/27 15:17:05.194, 1, 0 %, 0 %, 35316 MiB, 36.12 W
2026/08/27 15:17:05.194, 2, 0 %, 0 %, 35316 MiB, 37.08 W
